{"cameraMode":{"drawMode":0,"name":"Shaded","section":"Shading Mode"},"sceneLighting":true,"audioPlay":false,"sceneViewState":{"showFog":false,"showMaterialUpdate":false,"showSkybox":false,"showFlares":true,"showImageEffects":true,"showParticleSystems":true},"in2DMode":false,"pivot":{"x":-1.380845069885254,"y":-1.336824655532837,"z":-1.2965357303619385},"rotation":{"x":0.07211519777774811,"y":0.38595089316368105,"z":-0.030329836532473565,"w":0.9192728400230408},"size":8.716747283935547,"orthographic":false}