{"cameraMode":{"drawMode":0,"name":"Shaded","section":"Shading Mode"},"sceneLighting":false,"audioPlay":false,"sceneViewState":{"showFog":false,"showMaterialUpdate":false,"showSkybox":false,"showFlares":true,"showImageEffects":true,"showParticleSystems":true},"in2DMode":false,"pivot":{"x":0.0,"y":-2.280109167098999,"z":-0.05944967269897461},"rotation":{"x":0.05434633791446686,"y":0.6565569043159485,"z":-0.04760727286338806,"w":0.7508726716041565},"size":15.20936107635498,"orthographic":false}