{"cameraMode":{"drawMode":0,"name":"Shaded","section":"Shading Mode"},"sceneLighting":false,"audioPlay":false,"sceneViewState":{"m_AlwaysRefresh":false,"showFog":false,"showSkybox":false,"showFlares":true,"showImageEffects":true,"showParticleSystems":true,"showVisualEffectGraphs":true,"m_FxEnabled":true},"in2DMode":false,"pivot":{"x":-4.851863861083984,"y":-1.4960002899169922,"z":0.024412453174591066},"rotation":{"x":0.07211519777774811,"y":0.38595089316368105,"z":-0.030329836532473565,"w":0.9192728400230408},"size":2.632953643798828,"orthographic":false}